{
	"info": {
		"_postman_id": "fce6a522-ec61-4cda-8297-2c7dc1f1a8bf",
		"name": "STARTER-TEMPLATE",
		"schema": "https://schema.getpostman.com/json/collection/v2.1.0/collection.json"
	},
	"item": [
		{
			"name": " LOCAL - BASIC DATA LEGAL",
			"request": {
				"auth": {
					"type": "bearer",
					"bearer": [
						{
							"key": "token",
							"value": "{{dss_access_token}}",
							"type": "string"
						}
					]
				},
				"method": "GET",
				"header": [],
				"url": {
					"raw": "http://localhost:9150/v1/00607060002/basicDataLegal?useCache=true",
					"protocol": "http",
					"host": [
						"localhost"
					],
					"port": "9150",
					"path": [
						"v1",
						"00607060002",
						"basicDataLegal"
					],
					"query": [
						{
							"key": "useCache",
							"value": "true"
						}
					]
				}
			},
			"response": []
		},
		{
			"name": " GENERAR CONTEXTO",
			"request": {
				"auth": {
					"type": "bearer",
					"bearer": [
						{
							"key": "token",
							"value": "{{dss_access_token}}",
							"type": "string"
						}
					]
				},
				"method": "POST",
				"header": [],
				"body": {
					"mode": "raw",
					"raw": "{\r\n \"name\": \"ABELARDO ASTUDILLO\",\r\n  \"alias\": \"270577946\",\r\n  \"userID\": \"id20576\",\r\n  \"user\": \"GHOBH\",\r\n  \"channel\": \"05\",\r\n  \"terminal\": \"ZBA5\"\r\n}",
					"options": {
						"raw": {
							"language": "json"
						}
					}
				},
				"url": {
					"raw": "http://viphdocker.cl.bsch:9000/context-service/v1/context/session/{{dss_access_token}}?timeToLive=3600000",
					"protocol": "http",
					"host": [
						"viphdocker",
						"cl",
						"bsch"
					],
					"port": "9000",
					"path": [
						"context-service",
						"v1",
						"context",
						"session",
						"{{dss_access_token}}"
					],
					"query": [
						{
							"key": "timeToLive",
							"value": "3600000"
						}
					]
				}
			},
			"response": []
		}
	]
}